by_hand;mean;median
337;335.9;336.12
200;198.1;198.1583333
180;178.4;164.665
160;158.4;158.5266667
140;138.8;138.46
120;118.6;118.6818182
100;98.8;98.73793103
80;79.7;79.81764706
60;60.8;60.96875
40;40.6;40.77333333
20;20;19.98125
10;10.5;10.54705882
5;5.3;5.31875
2.5;3;3.011111111
1.5;2.6;2.735714286
